"TAB_MEASURE_LABEL","n"
"Logements – Résidences principales",1503298
"Population",1336415
"Logements",798681
"Nombre de décès",751080
"Nombre de nouveaux établissements enregistrés",562361
"Nombre de nouvelles unités légales enregistrées",554344
"Population – 15 ans ou plus",542844
"Nombre de nouvelles unités légales enregistrées – Entrepreneur individuel",537244
"Population – De 15 à 24 ans ",496794
"Logements – Logements vacants",492506
"Logements – Résidences secondaires et logements occasionnels",490084
"Population – De 15 à 64 ans x Actif occupé",459322
"Population – De 55 à 64 ans",459152
"Population – De 15 à 64 ans x Chômeur",454117
"Nombre de naissances vivantes",418240
"Population – De 40 à 54 ans",417457
"Population – De 65 à 79 ans",417392
"Population – De 25 à 39 ans",416981
"Population – 80 ans ou plus",415633
"Nombre d’emplois",414210
"Population – De 20 à 64 ans",334066
"Population – 65 ans ou plus",334022
"Population – Moins de 20 ans",333592
"Nombre de naissances",331353
"Nombre de nouvelles unités légales enregistrées – Société par actions simplifiée",303226
"Nombre de nouvelles unités légales enregistrées – Société à responsabilité limitée (SARL)",297272
"Population – Moins de 15 ans",291670
"Population – De 6 à 10 ans",250620
"Population – Inscrit x De 11 à 14 ans",250620
"Population – Inscrit x De 15 à 17 ans",250620
"Population – Baccalauréat, brevet professionnel ou équivalent",250620
"Population – Inscrit x De 18 à 24 ans",250620
"Population – De 18 à 24 ans",250620
"Population – Inscrit x 30 ans ou plus",250620
"Population – 30 ans ou plus",250620
"Population – De 15 à 17 ans",250620
"Population – CAP, BEP ou diplôme de niveau équivalent",250620
"Population – Inscrit x De 25 à 29 ans",250620
"Population – Inscrit x De 2 à 5 ans",250620
"Population – De 25 à 29 ans",250620
"Population – De 2 à 5 ans",250620
"Population – Inscrit x De 6 à 10 ans",250620
"Population – De 11 à 14 ans",250620
"Population des ménages – Résidences principales",250554
"Nombre de pièces – Résidences principales",250554
"Logements – Résidences principales x Avant 1919",249768
"Logements – Résidences principales x De 1971 à 1990",249135
"Logements – Résidences principales x De 1991 à 2005",247653
"Logements – Résidences principales x De 1946 à 1970",247059
"Logements – Résidences principales x De 1919 à 1945",246792
"Logements – Résidences principales x De 2006 à AAAA",245985
"Population – De 15 à 64 ans",208791
"Population – 15 ans ou plus x Retraités",207979
"Population – 15 ans ou plus x Employés",203392
"Population – 15 ans ou plus x Ouvriers",202975
"Nombre d’emplois – Salariés",202102
"Population – 15 ans ou plus x Professions intermédiaires",201265
"Population – 15 ans ou plus x Cadres et professions intellectuelles supérieures",183306
"Population – 15 ans ou plus x Artisans, commerçants et chefs d’entreprise",182285
"Établissements",167244
"Population – Enseignement supérieur de cycle court : BTS, DUT, Deug, Deust, diplôme de la santé ou du social de niveau bac+2, diplôme",167080
"Population – BEPC, brevet élémentaire, brevet des collèges, DNB",167080
"Population – Femme",167070
"Population – Homme",167070
"Population des ménages",167018
"Population – De 15 à 64 ans x Retraités ou préretraités",166072
"Population – De 15 à 64 ans x Élèves étudiants stagiaires non rémunéré de 14 ans ou plus",164394
"Nombre d’emplois – Non Salariés",163704
"Population – De 15 à 64 ans x Autres inactifs",162440
"Nombre d’emplois – Salariés x Femme",158023
"Population – De 15 à 64 ans x Femmes ou hommes au foyer",157916
"Population – 15 ans ou plus x Agriculteurs",156049
"Nombre d’emplois – Non Salariés x Femme",151773
"Nombre d’emplois – Ouvriers",141772
"Nombre de nouvelles unités légales enregistrées – Autres sociétés",140652
"Nombre d’emplois – Employés",140530
"Nombre d’emplois – Artisans, commerçants et chefs d’entreprise",134121
"Nombre d’emplois – Professions intermédiaires",130668
"Établissements – Construction",125431
"Établissements – Administration publique, enseignement, santé humaine et action sociale",125431
"Établissements – Industrie manufacturière, industries extractives et autres",125431
"Population – De 2 à 5 ans x Femme",125310
"Population – De 11 à 14 ans x Homme",125310
"Population – Inscrit x De 18 à 24 ans x Homme",125310
"Population – 30 ans ou plus x Femme",125310
"Population – Baccalauréat, brevet professionnel ou équivalent x Homme",125310
"Population – Inscrit x De 6 à 10 ans x Femme",125310
"Population – Inscrit x De 11 à 14 ans x Homme",125310
"Population – Inscrit x De 15 à 17 ans x Homme",125310
"Population – Baccalauréat, brevet professionnel ou équivalent x Femme",125310
"Population – CAP, BEP ou diplôme de niveau équivalent x Homme",125310
"Population – CAP, BEP ou diplôme de niveau équivalent x Femme",125310
"Population – Inscrit x 30 ans ou plus x Homme",125310
"Population – Inscrit x De 25 à 29 ans x Femme",125310
"Population – Inscrit x De 2 à 5 ans x Homme",125310
"Population – Inscrit x De 15 à 17 ans x Femme",125310
"Population – Inscrit x De 25 à 29 ans x Homme",125310
"Population – Inscrit x De 2 à 5 ans x Femme",125310
"Population – Inscrit x De 11 à 14 ans x Femme",125310
"Population – Inscrit x De 18 à 24 ans x Femme",125310
"Population – 30 ans ou plus x Homme",125310
"Population – Inscrit x 30 ans ou plus x Femme",125310
"Population – De 25 à 29 ans x Femme",125310
"Population – De 15 à 17 ans x Femme",125310
"Population – De 2 à 5 ans x Homme",125310
"Population – De 18 à 24 ans x Femme",125310
"Population – De 25 à 29 ans x Homme",125310
"Population – De 11 à 14 ans x Femme",125310
"Population – De 6 à 10 ans x Homme",125310
"Population – De 18 à 24 ans x Homme",125310
"Population – De 6 à 10 ans x Femme",125310
"Population – De 15 à 17 ans x Homme",125310
"Population – Inscrit x De 6 à 10 ans x Homme",125310
"Logements – Occupation dans la norme",125285
"Logements – Suroccupation modérée",125285
"Logements – Sous-occupation accentuée",125285
"Logements – Sous-occupation très accentuée",125285
"Logements – Sous-occupation modérée",125285
"Logements – Suroccupation accentuée",125285
"Logements – Maison",125280
"Logements – Résidences principales x Maison",125277
"Population – 1 an ou plus",125277
"Nombre de pièces – Résidences principales x Maison",125277
"Population – 15 ans ou plus x Actif occupé",125271
"Population – 1 an ou plus x Dans le même logement",125270
"Population des ménages – Résidences principales x Propriétaire",125268
"Logements – Résidences principales x Propriétaire",125268
"Logements – Résidences principales x Ménage disposant d’une seule voiture",125265
"Population – 15 ans ou plus x Femme",125260
"Nombre d’emplois – Agriculteurs",125255
"Logements – Résidences principales x 5 pièces ou plus",125252
"Population – Dans une autre commune",125248
"Logements – Résidences principales x Oui",125246
"Logements – Résidences principales x Ménage disposant de deux voitures ou plus",125246
"Nombre de famille",125199
"Population des ménages – Ménage comprenant une famille",125199
"Logements – Ménage comprenant une famille",125199
"Logements – Résidences principales x 30 ans ou plus",125174
"Nombre de pièces – Résidences principales x 30 ans ou plus",125174
"Population des ménages – Résidences principales x 30 ans ou plus",125174
"Logements – Résidences principales x 4 pièces",125159
"Population – De 40 à 54 ans x Oui",125125
"Population – Actif",125094
"Nombre de pièces – Résidences principales x De 10 à 19 ans",125089
"Population des ménages – Résidences principales x De 10 à 19 ans",125089
"Logements – Résidences principales x De 10 à 19 ans",125089
"Population – De 55 à 64 ans x Oui",125083
"Population – Actif occupé",125031
"Population – De 65 à 79 ans x Oui",125028
"Population – Dans la commune de résidence actuelle",124997
"Logements – Résidences principales x Non",124989
"Nombre de famille – Aucun enfant de moins de 24 ans",124875
"Nombre de pièces – Résidences principales x De 5 à 9 ans",124852
"Population des ménages – Résidences principales x De 5 à 9 ans",124852
"Logements – Résidences principales x De 5 à 9 ans",124852
"Population des ménages – Ménage à une personne",124787
"Logements – Ménage à une personne",124787
"Logements – Résidences principales x De 20 à 29 ans",124758
"Nombre de pièces – Résidences principales x De 20 à 29 ans",124758
"Population des ménages – Résidences principales x De 20 à 29 ans",124758
"Population – De 25 à 39 ans x Oui",124748
"Population des ménages – Résidences principales x De 2 à 4 ans",124721
"Nombre de pièces – Résidences principales x De 2 à 4 ans",124721
"Logements – Résidences principales x De 2 à 4 ans",124721
"Nombre de famille – Famille comprenant un couple sans enfant résident",124633
"Logements – Famille principale couple sans enfants",124632
"Population des ménages – Famille principale couple sans enfants",124632
"Population – De 15 à 24 ans  x Non",124572
"Logements – Résidences principales x 3 pièces",124540
"Logements – Résidences principales x Autres (bois, solaire, géothermie, etc.)",124510
"Population des ménages – Résidences principales x Locataire de logement parc privé vide",124504
"Logements – Résidences principales x Locataire de logement parc privé vide",124504
"Population – De 65 à 79 ans x Non",124476
"Population – De 40 à 54 ans x Non",124426
"Population – 15 ans ou plus x Salariés x Temps partiel x Femme",124377
"Nombre de famille – Famille comprenant un couple avec enfant résident",124032
"Population des ménages – Famille principale couple avec enfants",124024
"Logements – Famille principale couple avec enfants",124024
"Nombre de personnes seules – 1 personne x De 65 à 79 ans",123979
"Population – 15 ans ou plus x Chômeur",123897
"Population – De 55 à 64 ans x Non",123873
"Logements – Résidences principales x Fioul (mazout)",123844
"Logements – Résidences principales x Electricité",123771
"Population – De 25 à 39 ans x Non",123697
"Population – 80 ans ou plus x Non",123554
"Nombre de pièces – Résidences principales x Moins de 2 ans",123278
"Logements – Résidences principales x Moins de 2 ans",123278
"Population des ménages – Résidences principales x Moins de 2 ans",123278
"Logements – Résidences principales x Ménage ne disposant d’aucune voiture",122622
"Nombre de personnes seules – 1 personne x De 55 à 64 ans",122576
"Nombre de personnes seules – 1 personne x 80 ans ou plus",122413
"Population – Actif x Employés",122220
"Population – Actif x Ouvriers",121950
"Nombre de personnes seules – 1 personne x De 40 à 54 ans",121912
"Population – Actif occupé x Employés",121427
"Population – Dans une autre commune x De 25 à 54 ans",121401
"Population – Actif occupé x Ouvriers",121049
"Population – Actif x Professions intermédiaires",120722
"Population – 80 ans ou plus x Oui",120246
"Population des ménages – Homme seul",120184
"Logements – Homme seul",120184
"Population – Actif occupé x Professions intermédiaires",120089
"Population – 1 an ou plus x Autre commune du département",120021
"Population – 15 ans ou plus x Autres inactifs",119943
"Logements – Femme seule",119763
"Population des ménages – Femme seule",119763
"Nombre d’emplois – Salariés x Temps partiel",119500
"Nombre de famille – 2 enfants de moins de 24 ans",119480
"Nombre de famille – 1 enfant de moins de 24 ans",119199
"Population – 15 ans ou plus x Salariés x Temps partiel x Homme",117075
"Logements – Résidences principales x 2 pièces",116868
"Nombre de personnes seules – 1 personne x De 25 à 39 ans",116249
"Logements – Résidences principales x Gaz en bouteilles ou en citerne",115450
"Population des ménages – Résidences principales x Logé gratuitement",114712
"Logements – Résidences principales x Logé gratuitement",114712
"Population – Dans une autre commune x De 1 à 14 ans",111496
"Logements – Appartement",111287
"Population – Dans une autre commune x De 15 à 24 ans ",110297
"Population – Actif x Cadres et professions intellectuelles supérieures",109219
"Population – De 15 à 24 ans  x Oui",109169
"Nombre d’emplois – Services principalement marchands",108911
"Population – Actif x Artisans, commerçants et chefs d’entreprise",108855
"Nombre d’emplois – Cadres et professions intellectuelles supérieures",108685
"Logements – Résidences principales x Appartement",108681
"Nombre de pièces – Résidences principales x Appartement",108681
"Population – Actif occupé x Cadres et professions intellectuelles supérieures",108370
"Population des ménages – Famille principale monoparentale",108015
"Logements – Famille principale monoparentale",108015
"Population – Actif occupé x Artisans, commerçants et chefs d’entreprise",107979
"Nombre d’emplois – Administration publique, enseignement, santé humaine et action sociale",105813
"Population – Dans une autre commune x 55 ans ou plus",105656
"Population – 1 an ou plus x Hors de la région en métropole",104964
"Nombre d’emplois – Non Salariés x Temps partiel",104348
"Nombre d’emplois – Agriculture, sylviculture et pêche",103009
"Population – 1 an ou plus x Autre logement dans la même commune",102763
"Nombre de famille – 3 enfants de moins de 24 ans",102469
"Nombre de famille – Famille avec une mère seule",102334
"Population – Autre logement dans la même commune x De 25 à 54 ans",95514
"Population – Actif x Agriculteurs",93939
"Population – Actif occupé x Agriculteurs",93545
"Population – 1 an ou plus x Autre département de la région",92814
"Nombre d’emplois – Construction",91918
"Logements – Résidences principales x Locataire de logement meublé",85986
"Population des ménages – Résidences principales x Locataire de logement meublé",85986
"Établissements – 0 salarié",83626
"Établissements – 1 à 4 salariés",83626
"Établissements – Agriculture, sylviculture et pêche",83626
"Établissements – 100 à 199 salariés",83626
"Établissements – 10 à 19 salariés",83626
"Établissements – Services principalement marchands",83626
"Établissements – 20 à 49 salariés",83626
"Établissements – 50 à 99 salariés",83626
"Établissements – 200 à 499 salariés",83626
"Établissements – 500 salariés et plus",83626
"Établissements – 5 à 9 salariés",83626
"Population – Aucun diplôme ou certificat d'études primaires",83540
"Population – Enseignement supérieur de cycle court : BTS, DUT, Deug, Deust, diplôme de la santé ou du social de niveau bac+2, diplôme x Homme",83540
"Population – BEPC, brevet élémentaire, brevet des collèges, DNB x Homme",83540
"Population – BEPC, brevet élémentaire, brevet des collèges, DNB x Femme",83540
"Population – Enseignement supérieur de cycle court : BTS, DUT, Deug, Deust, diplôme de la santé ou du social de niveau bac+2, diplôme x Femme",83540
"Population – De 20 à 64 ans x Homme",83516
"Population – 15 ans ou plus x Homme",83507
"Population – De 20 à 64 ans x Femme",83506
"Population – 65 ans ou plus x Homme",83492
"Population – 15 ans ou plus x Femme x Actif occupé",83488
"Population – 65 ans ou plus x Femme",83482
"Nombre de personnes seules – 1 personne x De 15 à 24 ans ",83406
"Population – De 55 à 64 ans x Homme",83398
"Population – De 55 à 64 ans x Femme",83386
"Population – De 25 à 54 ans",83372
"Logements – Résidences principales x Avant 1919 x Maison",83238
"Population – Moins de 20 ans x Homme",83210
"Population – Moins de 20 ans x Femme",83180
"Logements – Autres logements de métropole",83110
"Logements – Résidences principales x De 1971 à 1990 x Maison",82997
"Nombre d’emplois – Industrie manufacturière, industries extractives et autres",82948
"Logements – Résidences principales x Gaz de ville - réseau de chaleur",82607
"Population – De 15 à 24 ans  x Homme",82528
"Logements – Résidences principales x De 1991 à 2005 x Maison",82464
"Population – De 15 à 24 ans  x Femme",82220
"Logements – Résidences principales x De 1946 à 1970 x Maison",82215
"Logements – Résidences principales x De 1919 à 1945 x Maison",82028
"Logements – Résidences principales x 1 pièce",82006
"Logements – Résidences principales x De 2006 à AAAA x Maison",81879
"Population – 15 ans ou plus x Etudiants ou élèves",80882
"Nombre de famille – Famille avec un père seul",78908
"Population – Autre logement dans la même commune x De 1 à 14 ans",77862
"Logements – Ménage sans famille à plusieurs personnes ",75435
"Population des ménages – Ménage sans famille à plusieurs personnes ",75435
"Nombre de pièces – Résidences principales x Autres logements de métropole",73359
"Logements – Résidences principales x Autres logements de métropole",73359
"Logements – Résidences principales x Locataire de logement parc social vide",73092
"Population des ménages – Résidences principales x Locataire de logement parc social vide",73092
"Population – Autre logement dans la même commune x De 15 à 24 ans ",71893
"Population – Autre logement dans la même commune x 55 ans ou plus",71132
"Nombre d’électeurs – France x Élection municipale",70136
"Nombre de famille – 4 enfants ou plus de moins de 24 ans",70014
"Nombre d’emplois – Salariés x Administration publique, enseignement, santé humaine et action sociale",67700
"Nombre d’emplois – Salariés x Services principalement marchands",66762
"Population – 1 an ou plus x Hors métropole ou DOM",65519
"Logements – Résidences principales x Avant 1919 x Appartement",56688
"Logements – Résidences principales x De 1991 à 2005 x Appartement",52009
"Logements – Résidences principales x De 1946 à 1970 x Appartement",51519
"Logements – Résidences principales x De 1971 à 1990 x Appartement",51440
"Nombre d’emplois – Salariés x Construction",50604
"Nombre d’emplois – Salariés x Industrie manufacturière, industries extractives et autres",49960
"Salaire net EQTP mensuel moyen",49428
"Salaire net EQTP mensuel moyen – Femme",49428
"Salaire net EQTP mensuel moyen – Homme",49428
"Logements – Résidences principales x De 1919 à 1945 x Appartement",48668
"Logements – Résidences principales x De 2006 à AAAA x Appartement",46391
"Nombre d’emplois – Salariés x Agriculture, sylviculture et pêche",45574
"Établissements – Ensemble hors particuliers employeurs x Établissements appartenant à la sphère productive",41813
"Effectifs présents la dernière semaine de décembre – Ensemble hors particuliers employeurs x Établissements appartenant à la sphère productive",41813
"Établissements – Ensemble hors particuliers employeurs",41813
"Effectifs présents la dernière semaine de décembre – 10 à 19 salariés",41813
"Effectifs présents la dernière semaine de décembre – Industrie manufacturière, industries extractives et autres x 200 à 499 salariés",41813
"Établissements – Services principalement marchands x 5 à 9 salariés",41813
"Établissements – Administration publique, enseignement, santé humaine et action sociale x 1 à 4 salariés",41813
"Établissements – Industrie manufacturière, industries extractives et autres x 0 salarié",41813
"Effectifs présents la dernière semaine de décembre – Agriculture, sylviculture et pêche x 100 à 199 salariés",41813
"Établissements – Industrie manufacturière, industries extractives et autres x 20 à 49 salariés",41813
"Établissements – Industrie manufacturière, industries extractives et autres x 10 à 19 salariés",41813
"Effectifs présents la dernière semaine de décembre – Construction x 5 à 9 salariés",41813
"Effectifs présents la dernière semaine de décembre – 200 à 499 salariés",41813
"Établissements – Administration publique, enseignement, santé humaine et action sociale x 500 salariés et plus",41813
"Établissements – Industrie manufacturière, industries extractives et autres x 50 à 99 salariés",41813
"Établissements – Construction x 1 à 4 salariés",41813
"Établissements – Services principalement marchands x 100 à 199 salariés",41813
"Effectifs présents la dernière semaine de décembre – Agriculture, sylviculture et pêche x 500 salariés et plus",41813
"Effectifs présents la dernière semaine de décembre – Industrie manufacturière, industries extractives et autres",41813
"Effectifs présents la dernière semaine de décembre – Administration publique, enseignement, santé humaine et action sociale x 5 à 9 salariés",41813
"Établissements – Fonction Publique x Établissements appartenant à la sphère productive",41813
"Établissements – Agriculture, sylviculture et pêche x 50 à 99 salariés",41813
"Établissements – Administration publique, enseignement, santé humaine et action sociale x 200 à 499 salariés",41813
"Établissements – Construction x 5 à 9 salariés",41813
"Établissements – Services principalement marchands x 20 à 49 salariés",41813
"Effectifs présents la dernière semaine de décembre – Ensemble hors particuliers employeurs",41813
"Établissements – Construction x 50 à 99 salariés",41813
"Effectifs présents la dernière semaine de décembre – 50 à 99 salariés",41813
"Établissements – Industrie manufacturière, industries extractives et autres x 200 à 499 salariés",41813
"Établissements – Agriculture, sylviculture et pêche x 1 à 4 salariés",41813
"Effectifs présents la dernière semaine de décembre",41813
"Établissements – Administration publique, enseignement, santé humaine et action sociale x 5 à 9 salariés",41813
"Effectifs présents la dernière semaine de décembre – 100 à 199 salariés",41813
"Effectifs présents la dernière semaine de décembre – 5 à 9 salariés",41813
"Effectifs présents la dernière semaine de décembre – Services principalement marchands x 500 salariés et plus",41813
"Établissements – Agriculture, sylviculture et pêche x 10 à 19 salariés",41813
"Établissements – Agriculture, sylviculture et pêche x 200 à 499 salariés",41813
"Établissements – Agriculture, sylviculture et pêche x 100 à 199 salariés",41813
"Établissements – Construction x 0 salarié",41813
"Effectifs présents la dernière semaine de décembre – Services principalement marchands",41813
"Effectifs présents la dernière semaine de décembre – Administration publique, enseignement, santé humaine et action sociale x 50 à 99 salariés",41813
"Effectifs présents la dernière semaine de décembre – Administration publique, enseignement, santé humaine et action sociale x 500 salariés et plus",41813
"Effectifs présents la dernière semaine de décembre – Administration publique, enseignement, santé humaine et action sociale x 100 à 199 salariés",41813
"Établissements – Construction x 200 à 499 salariés",41813
"Effectifs présents la dernière semaine de décembre – Construction x 500 salariés et plus",41813
"Effectifs présents la dernière semaine de décembre – Agriculture, sylviculture et pêche x 1 à 4 salariés",41813
"Effectifs présents la dernière semaine de décembre – Industrie manufacturière, industries extractives et autres x 10 à 19 salariés",41813
"Effectifs présents la dernière semaine de décembre – Services principalement marchands x 20 à 49 salariés",41813
"Effectifs présents la dernière semaine de décembre – Fonction Publique x Établissements appartenant à la sphère productive",41813
"Effectifs présents la dernière semaine de décembre – Services principalement marchands x 100 à 199 salariés",41813
"Effectifs présents la dernière semaine de décembre – Services principalement marchands x 200 à 499 salariés",41813
"Effectifs présents la dernière semaine de décembre – Construction x 10 à 19 salariés",41813
"Établissements – Administration publique, enseignement, santé humaine et action sociale x 100 à 199 salariés",41813
"Établissements – Administration publique, enseignement, santé humaine et action sociale x 20 à 49 salariés",41813
"Effectifs présents la dernière semaine de décembre – Agriculture, sylviculture et pêche x 5 à 9 salariés",41813
"Effectifs présents la dernière semaine de décembre – Administration publique, enseignement, santé humaine et action sociale x 10 à 19 salariés",41813
"Établissements – Services principalement marchands x 0 salarié",41813
"Effectifs présents la dernière semaine de décembre – Agriculture, sylviculture et pêche x 200 à 499 salariés",41813
"Effectifs présents la dernière semaine de décembre – Industrie manufacturière, industries extractives et autres x 500 salariés et plus",41813
"Effectifs présents la dernière semaine de décembre – Services principalement marchands x 5 à 9 salariés",41813
"Établissements – Services principalement marchands x 500 salariés et plus",41813
"Établissements – Industrie manufacturière, industries extractives et autres x 500 salariés et plus",41813
"Effectifs présents la dernière semaine de décembre – Construction x 50 à 99 salariés",41813
"Établissements – Construction x 10 à 19 salariés",41813
"Effectifs présents la dernière semaine de décembre – Fonction Publique x Établissements appartenant à la sphère présentielle",41813
"Effectifs présents la dernière semaine de décembre – Services principalement marchands x 1 à 4 salariés",41813
"Effectifs présents la dernière semaine de décembre – Industrie manufacturière, industries extractives et autres x 5 à 9 salariés",41813
"Effectifs présents la dernière semaine de décembre – Services principalement marchands x 10 à 19 salariés",41813
"Effectifs présents la dernière semaine de décembre – Agriculture, sylviculture et pêche x 10 à 19 salariés",41813
"Effectifs présents la dernière semaine de décembre – Construction x 20 à 49 salariés",41813
"Effectifs présents la dernière semaine de décembre – Industrie manufacturière, industries extractives et autres x 20 à 49 salariés",41813
"Effectifs présents la dernière semaine de décembre – Agriculture, sylviculture et pêche x 50 à 99 salariés",41813
"Établissements – Industrie manufacturière, industries extractives et autres x 1 à 4 salariés",41813
"Effectifs présents la dernière semaine de décembre – 20 à 49 salariés",41813
"Établissements – Administration publique, enseignement, santé humaine et action sociale x 50 à 99 salariés",41813
"Établissements – Construction x 100 à 199 salariés",41813
"Établissements – Agriculture, sylviculture et pêche x 500 salariés et plus",41813
"Effectifs présents la dernière semaine de décembre – Construction",41813
"Établissements – Construction x 500 salariés et plus",41813
"Effectifs présents la dernière semaine de décembre – Industrie manufacturière, industries extractives et autres x 50 à 99 salariés",41813
"Effectifs présents la dernière semaine de décembre – Services principalement marchands x 50 à 99 salariés",41813
"Effectifs présents la dernière semaine de décembre – Administration publique, enseignement, santé humaine et action sociale x 1 à 4 salariés",41813
"Effectifs présents la dernière semaine de décembre – 1 à 4 salariés",41813
"Établissements – Industrie manufacturière, industries extractives et autres x 5 à 9 salariés",41813
"Établissements – Agriculture, sylviculture et pêche x 20 à 49 salariés",41813
"Établissements – Construction x 20 à 49 salariés",41813
"Effectifs présents la dernière semaine de décembre – Industrie manufacturière, industries extractives et autres x 1 à 4 salariés",41813
"Établissements – Agriculture, sylviculture et pêche x 5 à 9 salariés",41813
"Effectifs présents la dernière semaine de décembre – Construction x 1 à 4 salariés",41813
"Effectifs présents la dernière semaine de décembre – Construction x 100 à 199 salariés",41813
"Établissements – Services principalement marchands x 50 à 99 salariés",41813
"Effectifs présents la dernière semaine de décembre – Agriculture, sylviculture et pêche x 20 à 49 salariés",41813
"Établissements – Services principalement marchands x 10 à 19 salariés",41813
"Effectifs présents la dernière semaine de décembre – Industrie manufacturière, industries extractives et autres x 100 à 199 salariés",41813
"Effectifs présents la dernière semaine de décembre – 500 salariés et plus",41813
"Effectifs présents la dernière semaine de décembre – Agriculture, sylviculture et pêche",41813
"Effectifs présents la dernière semaine de décembre – Administration publique, enseignement, santé humaine et action sociale x 200 à 499 salariés",41813
"Effectifs présents la dernière semaine de décembre – Ensemble hors particuliers employeurs x Établissements appartenant à la sphère présentielle",41813
"Établissements – Ensemble hors particuliers employeurs x Établissements appartenant à la sphère présentielle",41813
"Établissements – Services principalement marchands x 1 à 4 salariés",41813
"Établissements – Administration publique, enseignement, santé humaine et action sociale x 0 salarié",41813
"Établissements – Services principalement marchands x 200 à 499 salariés",41813
"Effectifs présents la dernière semaine de décembre – Administration publique, enseignement, santé humaine et action sociale x 20 à 49 salariés",41813
"Établissements – Administration publique, enseignement, santé humaine et action sociale x 10 à 19 salariés",41813
"Établissements – Industrie manufacturière, industries extractives et autres x 100 à 199 salariés",41813
"Effectifs présents la dernière semaine de décembre – Administration publique, enseignement, santé humaine et action sociale",41813
"Effectifs présents la dernière semaine de décembre – Construction x 200 à 499 salariés",41813
"Établissements – Fonction Publique x Établissements appartenant à la sphère présentielle",41813
"Établissements – Agriculture, sylviculture et pêche x 0 salarié",41813
"Nombre d'unités légales",41805
"Nombre d'unités légales – Industrie manufacturière, industries extractives et autres",41805
"Nombre d'unités légales – Activités immobilières",41805
"Nombre d'unités légales – Activités financières et d'assurance",41805
"Nombre d'unités légales – Commerce de gros et de détail, transports, hébergement et restauration",41805
"Établissements – Autres activités de services",41805
"Établissements – Activités spécialisées, scientifiques et techniques et activités de services administratifs et de soutien",41805
"Établissements – Information et communication",41805
"Établissements – Activités financières et d'assurance",41805
"Établissements – Activités immobilières",41805
"Nombre d'unités légales – Autres activités de services",41805
"Nombre d'unités légales – Activités spécialisées, scientifiques et techniques et activités de services administratifs et de soutien",41805
"Établissements – Commerce de gros et de détail, transports, hébergement et restauration",41805
"Nombre d'unités légales – Information et communication",41805
"Nombre d'unités légales – Construction",41805
"Nombre d'unités légales – Administration publique, enseignement, santé humaine et action sociale",41805
"Population – Aucun diplôme ou BEPC, brevet des collèges, DNB x Femme",41770
"Établissements – Hôtels et hébergement similaire x 1 étoile",41770
"Établissements – Hôtels et hébergement similaire x Non classé",41770
"Nombre de places – Hôtels et hébergement similaire x 1 étoile",41770
"Établissements – Terrains de camping et parcs pour caravanes ou véhicules de loisirs x Non classé",41770
"Nombre de place-lits – Hébergement touristique et autre hébergement de courte durée",41770
"Population – Diplôme d'études supérieures x Homme",41770
"Nombre de places – Terrains de camping et parcs pour caravanes ou véhicules de loisirs",41770
"Population – Baccalauréat universitaire ou équivalent : Licence, licence pro, maîtrise, diplôme équivalent de niveau bac+3 ou bac+4",41770
"Établissements – Villages vacances et maisons familiales",41770
"Établissements – Terrains de camping et parcs pour caravanes ou véhicules de loisirs x 3 étoiles",41770
"Population – Diplôme universitaire 2e ou 3e cycle",41770
"Population – Diplôme universitaire 2e ou 3e cycle x Homme",41770
"Nombre de places – Terrains de camping et parcs pour caravanes ou véhicules de loisirs x 3 étoiles",41770
"Établissements – Hébergement touristique et autre hébergement de courte durée",41770
"Population – Aucun diplôme x Homme",41770
"Établissements – Hôtels et hébergement similaire x 2 étoiles",41770
"Superficie",41770
"Nombre de place-lits – Auberges de jeunesse et centres sportifs",41770
"Nombre de places – Hôtels et hébergement similaire x 4 étoiles",41770
"Établissements – Terrains de camping et parcs pour caravanes ou véhicules de loisirs x 1 étoile",41770
"Population – Aucun diplôme ou certificat d'études primaires x Femme",41770
"Nombre de places – Hôtels et hébergement similaire x 5 étoiles",41770
"Population – Diplôme d'études supérieures x Femme",41770
"Population – Baccalauréat universitaire ou équivalent : Licence, licence pro, maîtrise, diplôme équivalent de niveau bac+3 ou bac+4 x Femme",41770
"Établissements – Hôtels et hébergement similaire x 3 étoiles",41770
"Établissements – Terrains de camping et parcs pour caravanes ou véhicules de loisirs x 5 étoiles",41770
"Nombre de places – Hôtels et hébergement similaire x 3 étoiles",41770
"Nombre de places – Terrains de camping et parcs pour caravanes ou véhicules de loisirs x 5 étoiles",41770
"Établissements – Auberges de jeunesse et centres sportifs",41770
"Population – Aucun diplôme ou certificat d'études primaires x Homme",41770
"Population – Aucun diplôme",41770
"Établissements – Hôtels et hébergement similaire x 5 étoiles",41770
"Établissements – Terrains de camping et parcs pour caravanes ou véhicules de loisirs",41770
"Population – Aucun diplôme ou BEPC, brevet des collèges, DNB",41770
"Population – Aucun diplôme ou BEPC, brevet des collèges, DNB x Homme",41770
"Établissements – Terrains de camping et parcs pour caravanes ou véhicules de loisirs x 2 étoiles",41770
"Nombre de place-lits – Villages vacances et maisons familiales",41770
"Population – CEP (certificat d’études primaires)",41770
"Établissements – Hôtels et hébergement similaire",41770
"Population – Diplôme universitaire 2e ou 3e cycle x Femme",41770
"Nombre de places – Terrains de camping et parcs pour caravanes ou véhicules de loisirs x Non classé",41770
"Population – Baccalauréat universitaire ou équivalent : Licence, licence pro, maîtrise, diplôme équivalent de niveau bac+3 ou bac+4 x Homme",41770
"Nombre de places – Terrains de camping et parcs pour caravanes ou véhicules de loisirs x 2 étoiles",41770
"Nombre de place-lits – Résidences de tourisme – Résidences hôtelières",41770
"Population – Diplôme de niveau bac + 5 ou plus x Homme",41770
"Établissements – Hôtels et hébergement similaire x 4 étoiles",41770
"Nombre de places – Hôtels et hébergement similaire x 2 étoiles",41770
"Nombre de places – Hôtels et hébergement similaire",41770
"Population – Diplôme d'études supérieures",41770
"Population – CEP (certificat d’études primaires) x Femme",41770
"Nombre de places – Terrains de camping et parcs pour caravanes ou véhicules de loisirs x 1 étoile",41770
"Établissements – Résidences de tourisme – Résidences hôtelières",41770
"Population – Diplôme de niveau bac + 5 ou plus",41770
"Population – CEP (certificat d’études primaires) x Homme",41770
"Population – Aucun diplôme x Femme",41770
"Nombre de places – Hôtels et hébergement similaire x Non classé",41770
"Nombre de places – Terrains de camping et parcs pour caravanes ou véhicules de loisirs x 4 étoiles",41770
"Population – Diplôme de niveau bac + 5 ou plus x Femme",41770
"Établissements – Terrains de camping et parcs pour caravanes ou véhicules de loisirs x 4 étoiles",41770
"Établissements – Accueil de jeunes enfants",41768
"Établissements – Aide à domicile ; Accueil de jeunes enfants ; Activités des ménages en tant qu'employeurs de personnel domestique",41768
"Établissements – Aide à domicile et Activités des ménages en tant qu'employeurs de personnel domestique",41768
"Population – De 15 à 64 ans x Homme",41758
"Population – 15 ans ou plus x Homme x Actif occupé",41755
"Population – 15 ans ou plus x Marié",41755
"Population – De 15 à 64 ans x Actif occupé x Homme",41754
"Population – Voiture, camion ou fourgonnette",41754
"Population – De 15 à 64 ans x Femme",41754
"Population – 15 ans ou plus x Salariés",41750
"Population – 15 ans ou plus x Célibataire",41749
"Population – De 25 à 54 ans x Actif occupé",41748
"Population des ménages – De 65 à 79 ans",41747
"Population des ménages – De 55 à 64 ans",41746
"Population – De 15 à 64 ans x Actif occupé x Femme",41744
"Population des ménages – De 40 à 54 ans",41743
"Population – De 25 à 54 ans x Homme",41742
"Population – De 25 à 54 ans x Femme",41741
"Population – De 25 à 54 ans x Actif occupé x Homme",41731
"Population – De 25 à 54 ans x Actif occupé x Femme",41729
"Population – 15 ans ou plus x Femme x Salariés",41728
"Population – 15 ans ou plus x Salariés x Femme",41728
"Population – Salariés x De 15 à 64 ans x Femme",41727
"Population – De 65 à 79 ans x Homme",41723
"Population – 15 ans ou plus x Homme x Salariés",41722
"Population – Salariés x De 15 à 64 ans x Homme",41721
"Population – 55 ans ou plus",41714
"Population – 15 ans ou plus x Femme x Emploi à durée indéterminée (CDI, fonctionnaires)",41711
"Population – De 65 à 79 ans x Femme",41710
"Population – De 40 à 54 ans x Homme",41708
"Population – 15 ans ou plus x Non Salariés",41705
"Population des ménages – De 25 à 39 ans",41698
"Population – Salariés x De 25 à 54 ans x Femme",41698
"Population – 15 ans ou plus x Homme x Emploi à durée indéterminée (CDI, fonctionnaires)",41694
"Population – De 15 à 64 ans x Actif occupé x CAP, BEP ou diplôme de niveau équivalent",41686
"Population – De 40 à 54 ans x Femme",41684
"Population – De 15 à 64 ans x Actif occupé x Baccalauréat, brevet professionnel ou équivalent",41682
"Population – Salariés x De 25 à 54 ans x Homme",41670
"Population – De 55 à 64 ans x Actif occupé",41664
"Population – 15 ans ou plus x Homme x Non Salariés",41657
"Population – 15 ans ou plus x Temps partiel",41637
"Population – De 25 à 39 ans x Homme",41626
"Population – De 25 à 39 ans x Femme",41606
"Taux de pauvreté (en %) au seuil de 60 % de la médiane du niveau de vie",41599
"Niveau de vie médian (en euros)",41599
"Population – 55 ans ou plus x Retraités",41597
"Population – 15 ans ou plus x En concubinage, union libre",41586
"Population – 15 ans ou plus x Veuf",41581
"Population des ménages – 80 ans ou plus",41569
"Population des ménages – De 15 à 24 ans ",41562
"Population – 15 ans ou plus x Salariés x Temps partiel",41551
"Population – De 15 à 64 ans x Actif occupé x Enseignement supérieur de cycle court : BTS, DUT, Deug, Deust, diplôme de la santé ou du social de niveau bac+2, diplôme",41528
"Population – Moins de 15 ans x Homme",41511
"Population – De 55 à 64 ans x Actif occupé x Homme",41491
"Population – Moins de 15 ans x Femme",41480
"Nombre de personnes seules – De 65 à 79 ans",41451
"Population – 15 ans ou plus x Divorcé",41403
"Population – De 55 à 64 ans x Actif occupé x Femme",41364
"Population – Salariés x De 15 à 64 ans x Femme x Temps partiel",41362
"Population – 80 ans ou plus x Femme",41301
"Population – 15 ans ou plus x Homme x Indépendants",41294
"Population – 15 ans ou plus x Retraités x Homme",41274
"Population – 15 ans ou plus x Retraités x Femme",41234
"Population – De 15 à 64 ans x Actif occupé x Baccalauréat universitaire ou équivalent : Licence, licence pro, maîtrise, diplôme équivalent de niveau bac+3 ou bac+4",41218
"Population – 15 ans ou plus x Femme x Non Salariés",41160
"Population – 15 ans ou plus x Non Salariés x Femme",41160
"Nombre de personnes seules – De 55 à 64 ans",41082
"Population – Salariés x De 55 à 64 ans x Femme",41013
"Nombre de famille – Famille traditionnelle",40972
"Population – Salariés x De 25 à 54 ans x Femme x Temps partiel",40961
"Nombre de personnes seules – 80 ans ou plus",40899
"Population – 80 ans ou plus x Homme",40872
"Population – Salariés x De 55 à 64 ans x Homme",40816
"Population – Pas de transport",40771
"Population – De 15 à 24 ans  x Actif occupé",40762
"Nombre de personnes seules – De 40 à 54 ans",40746
"Population – De 15 à 64 ans x Actif occupé x Aucun diplôme ou certificat d'études primaires",40706
"Population – 15 ans ou plus x Homme x Employeurs",40705
"Population – De 15 à 64 ans x Actif occupé x Diplôme de niveau bac + 5 ou plus",40691
"Population – 15 ans ou plus x Pacsé",40681
"Population – De 25 à 54 ans x Chômeur",40589
"Population – 15 ans ou plus x Femme x Indépendants",40444
"Population – De 15 à 64 ans x Chômeur x Femme",40302
"Population – 15 ans ou plus x Employés x Femme",40240
"Population – 15 ans ou plus x Ouvriers x Homme",40111
"Population – De 15 à 64 ans x Chômeur x Homme",40100
"Population – 15 ans ou plus x Femme x Contrat à durée déterminée (CDD)",40073
"Population – De 15 à 24 ans  x Actif occupé x Homme",39899
"Population – De 15 à 64 ans x Actif occupé x BEPC, brevet élémentaire, brevet des collèges, DNB",39816
"Population – De 25 à 54 ans x Employés",39764
"Population – De 25 à 54 ans x Ouvriers",39573
"Population – Salariés x De 15 à 24 ans  x Homme",39553
"Logements – Personne référence du ménage x Ouvriers",39545
"Population – De 25 à 54 ans x Professions intermédiaires",39527
"Nombre de personnes seules – De 25 à 39 ans",39250
"Population – De 25 à 54 ans x Chômeur x Femme",39025
"Logements – Personne référence du ménage x Professions intermédiaires",38904
"Logements – Personne référence du ménage x Employés",38785
"Population – 15 ans ou plus x Professions intermédiaires x Femme",38774
"Population – De 15 à 64 ans x Chômeur x CAP, BEP ou diplôme de niveau équivalent",38646
"Population – Salariés x De 15 à 64 ans x Homme x Temps partiel",38642
"Population – 15 ans ou plus x Homme x Contrat à durée déterminée (CDD)",38520
"Nombre d’emplois – Femme",38435
"Population – De 15 à 24 ans  x Actif occupé x Femme",38397
"Population – De 25 à 54 ans x Chômeur x Homme",38351
"Population – 15 ans ou plus x Autres inactifs x Femme",38267
"Population – Salariés x De 55 à 64 ans x Femme x Temps partiel",38193
"Population – Salariés x De 15 à 24 ans  x Femme",38135
"Population – 15 ans ou plus x Non Salariés x Temps partiel",37941
"Population – Marche à pied",37871
"Population – 15 ans ou plus x Professions intermédiaires x Homme",37792
"Population – De 15 à 64 ans x Chômeur x Baccalauréat, brevet professionnel ou équivalent",37594
"Population – De 15 à 24 ans  x Autres inactifs",37436
"Population – 15 ans ou plus x Femme x Employeurs",37160
"Population – 15 ans ou plus x Autres inactifs x Homme",36445
"Population – De 55 à 64 ans x Chômeur",36351
"Population – De 15 à 24 ans  x Chômeur",36090
"Population – De 25 à 54 ans x Cadres et professions intellectuelles supérieures",35108
"Nombre d’électeurs – France x Élection européenne",35090
"Nombre d’électeurs – France x Élection présidentielle",35042
"Nombre d’électeurs – France x Élections départementale et régionale",35042
"Logements – Personne référence du ménage x Cadres et professions intellectuelles supérieures",34915
"Population – 15 ans ou plus x Homme x Apprentissage, stage",34702
"Population – 15 ans ou plus x Artisans, commerçants et chefs d’entreprise x Homme",34676
"Logements – Personne référence du ménage x Artisans, commerçants et chefs d’entreprise",34581
"Population – Salariés x De 25 à 54 ans x Homme x Temps partiel",34535
"Population – Transport en commun",34399
"Population – De 25 à 54 ans x Artisans, commerçants et chefs d’entreprise",34296
"Population – 55 ans ou plus x Employés",34090
"Population – 15 ans ou plus x Cadres et professions intellectuelles supérieures x Homme",33981
"Population – De 15 à 64 ans x Chômeur x Aucun diplôme ou certificat d'études primaires",33892
"Population – 15 ans ou plus x Ouvriers x Femme",33721
"Population – 15 ans ou plus x Employés x Homme",33489
"Population – De 25 à 54 ans x Autres inactifs",33095
"Nombre d’emplois – Femme x Administration publique, enseignement, santé humaine et action sociale",32958
"Population – 55 ans ou plus x Ouvriers",32805
"Population – De 15 à 24 ans  x Chômeur x Homme",32788
"Population – De 15 à 64 ans x Chômeur x Enseignement supérieur de cycle court : BTS, DUT, Deug, Deust, diplôme de la santé ou du social de niveau bac+2, diplôme",32678
"Population – 15 ans ou plus x Cadres et professions intellectuelles supérieures x Femme",32567
"Population – 15 ans ou plus x Homme x Intérim",32468
"Nombre d’emplois – Salariés x Femme x Administration publique, enseignement, santé humaine et action sociale",32420
"Population – De 55 à 64 ans x Chômeur x Femme",32261
"Nombre d’emplois – Femme x Services principalement marchands",32184
"Population – 55 ans ou plus x Autres inactifs",31993
"Population – 55 ans ou plus x Professions intermédiaires",31937
"Population – De 55 à 64 ans x Chômeur x Homme",31446
"Population – Deux-roues motorisé",31321
"Nombre d’emplois – Non Salariés x Services principalement marchands",31069
"Population – De 15 à 24 ans  x Ouvriers",31052
"Population – De 15 à 24 ans  x Chômeur x Femme",31000
"Nombre de famille – Famille recomposée",30953
"Population – Salariés x De 15 à 24 ans  x Femme x Temps partiel",30527
"Population – 15 ans ou plus x Femme x Apprentissage, stage",30408
"Population – Salariés x De 55 à 64 ans x Homme x Temps partiel",30341
"Nombre de nouveaux établissements enregistrés – Activités spécialisées, scientifiques et techniques et activités de services administratifs et de soutien",30179
"Nombre d’emplois – Non Salariés x Agriculture, sylviculture et pêche",29986
"Nombre de nouveaux établissements enregistrés – Commerce de gros et de détail, transports, hébergement et restauration",29893
"Population – Salariés x De 15 à 24 ans  x Homme x Temps partiel",29739
"Nombre de nouvelles unités légales enregistrées – Activités spécialisées, scientifiques et techniques et activités de services administratifs et de soutien",29492
"Nombre de nouvelles unités légales enregistrées – Commerce de gros et de détail, transports, hébergement et restauration",29146
"Nombre d’emplois – Salariés x Femme x Services principalement marchands",29010
"Population – De 15 à 64 ans x Chômeur x BEPC, brevet élémentaire, brevet des collèges, DNB",28959
"Population – De 15 à 64 ans x Chômeur x Baccalauréat universitaire ou équivalent : Licence, licence pro, maîtrise, diplôme équivalent de niveau bac+3 ou bac+4",28953
"Nombre de nouveaux établissements enregistrés – Industrie manufacturière, industries extractives et autres",28942
"Population – Vélo",28911
"Nombre de personnes seules – De 15 à 24 ans ",28676
"Population – 15 ans ou plus x Agriculteurs x Homme",28533
"Population – 15 ans ou plus x Artisans, commerçants et chefs d’entreprise x Femme",28506
"Population – De 15 à 24 ans  x Employés",28471
"Logements – Personne référence du ménage x Agriculteurs",28096
"Population – 55 ans ou plus x Cadres et professions intellectuelles supérieures",27957
"Population – 1 an ou plus x Hors de la région dans un DOM",27672
"Population – 15 ans ou plus x Femme x Intérim",27669
"Nombre de nouvelles unités légales enregistrées – Activités spécialisées, scientifiques et techniques et activités de services administratifs et de soutien x Entrepreneur individuel",27639
"Logements – Résidences principales x De 1971 à 1990 x Autres logements de métropole",27371
"Nombre de nouvelles unités légales enregistrées – Commerce de gros et de détail, transports, hébergement et restauration x Entrepreneur individuel",27322
"Population – 55 ans ou plus x Artisans, commerçants et chefs d’entreprise",27160
"Population – De 15 à 64 ans x Chômeur x Diplôme de niveau bac + 5 ou plus",26765
"Logements – Résidences principales x De 1991 à 2005 x Autres logements de métropole",25996
"Nombre de nouvelles unités légales enregistrées – Industrie manufacturière, industries extractives et autres",25851
"Population – De 25 à 54 ans x Agriculteurs",25587
"Nombre de nouveaux établissements enregistrés – Autres activités de services",25514
"Nombre d’emplois – Non Salariés x Femme x Services principalement marchands",25055
"Nombre de nouvelles unités légales enregistrées – Autres activités de services",24891
"Nombre d’emplois – Non Salariés x Construction",24887
"Salaire net EQTP mensuel moyen – Ouvriers",24714
"Salaire net EQTP mensuel moyen – Femme x Cadres y compris chefs d’entreprises",24714
"Salaire net EQTP mensuel moyen – Homme x Employés",24714
"Salaire net EQTP mensuel moyen – De 25 à 39 ans",24714
"Salaire net EQTP mensuel moyen – Moins de 25 ans",24714
"Salaire net EQTP mensuel moyen – Homme x 55 ans ou plus",24714
"Salaire net EQTP mensuel moyen – Femme x Ouvriers",24714
"Salaire net EQTP mensuel moyen – Homme x Ouvriers",24714
"Salaire net EQTP mensuel moyen – Femme x Professions intermédiaires",24714
"Salaire net EQTP mensuel moyen – Homme x Cadres y compris chefs d’entreprises",24714
"Salaire net EQTP mensuel moyen – Homme x Professions intermédiaires",24714
"Salaire net EQTP mensuel moyen – Homme x Moins de 25 ans",24714
"Salaire net EQTP mensuel moyen – Femme x De 40 à 49 ans",24714
"Salaire net EQTP mensuel moyen – Homme x De 25 à 39 ans",24714
"Salaire net EQTP mensuel moyen – Femme x Employés",24714
"Salaire net EQTP mensuel moyen – Employés",24714
"Salaire net EQTP mensuel moyen – Homme x De 40 à 49 ans",24714
"Salaire net EQTP mensuel moyen – 55 ans ou plus",24714
"Salaire net EQTP mensuel moyen – Femme x De 50 à 54 ans",24714
"Salaire net EQTP mensuel moyen – Femme x Moins de 25 ans",24714
"Salaire net EQTP mensuel moyen – Cadres y compris chefs d’entreprises",24714
"Salaire net EQTP mensuel moyen – Femme x De 25 à 39 ans",24714
"Salaire net EQTP mensuel moyen – Homme x De 50 à 54 ans",24714
"Salaire net EQTP mensuel moyen – De 50 à 54 ans",24714
"Salaire net EQTP mensuel moyen – De 40 à 49 ans",24714
"Salaire net EQTP mensuel moyen – Professions intermédiaires",24714
"Salaire net EQTP mensuel moyen – Femme x 55 ans ou plus",24714
"Nombre de nouvelles unités légales enregistrées – Industrie manufacturière, industries extractives et autres x Entrepreneur individuel",24597
"Nombre de nouvelles unités légales enregistrées – Autres activités de services x Entrepreneur individuel",24420
"Population – De 15 à 24 ans  x Professions intermédiaires",24227
"Logements – Résidences principales x De 2006 à AAAA x Autres logements de métropole",24196
"Logements – Résidences principales x Avant 1919 x Autres logements de métropole",23739
"Nombre d'équipements – Coiffure",22943
"Nombre de nouveaux établissements enregistrés – Construction",22928
"Nombre d’emplois – Femme x Agriculture, sylviculture et pêche",22347
"Nombre de nouveaux établissements enregistrés – Administration publique, enseignement, santé humaine et action sociale",22227
"Nombre de nouvelles unités légales enregistrées – Construction",22098
"Logements – Résidences principales x De 1946 à 1970 x Autres logements de métropole",21916
"Nombre de nouvelles unités légales enregistrées – Administration publique, enseignement, santé humaine et action sociale",21537
"Nombre d’emplois – Femme x Industrie manufacturière, industries extractives et autres",21284
"Nombre de nouvelles unités légales enregistrées – Administration publique, enseignement, santé humaine et action sociale x Entrepreneur individuel",21134
"Nombre d'équipements – Bibliothèque",20927
"Population – 55 ans ou plus x Agriculteurs",20677
"Nombre d'équipements – École primaire",20659
"Nombre d’emplois – Non Salariés x Administration publique, enseignement, santé humaine et action sociale",20164
"Population – 15 ans ou plus x Femme x Emplois-jeunes, CES, contrats de qualif.",19697
"Nombre d'équipements – Boulangerie-pâtisserie",19647
"Nombre d’emplois – Salariés x Femme x Industrie manufacturière, industries extractives et autres",19472
"Nombre de nouvelles unités légales enregistrées – Construction x Entrepreneur individuel",19305
"Nombre d’emplois – Non Salariés x Industrie manufacturière, industries extractives et autres",19069
"Nombre d'équipements – Infirmier",18656
"Nombre de nouveaux établissements enregistrés – Activités immobilières",18536
"Nombre d’emplois – Non Salariés x Femme x Administration publique, enseignement, santé humaine et action sociale",18270
"Population – 15 ans ou plus x Agriculteurs x Femme",18000
"Nombre d’emplois – Non Salariés x Femme x Agriculture, sylviculture et pêche",17792
"Population – 15 ans ou plus x Homme x Emplois-jeunes, CES, contrats de qualif.",17605
"Population – 15 ans ou plus x Femme x Aides familiaux",17257
"Nombre de nouvelles unités légales enregistrées – Activités immobilières",16946
"Nombre de nouveaux établissements enregistrés – Information et communication",16936
"Nombre de nouvelles unités légales enregistrées – Information et communication",16622
"Nombre d'équipements – Masseur kinésithérapeute",16484
"Logements – Résidences principales x De 1919 à 1945 x Autres logements de métropole",16087
"Nombre d’emplois – Femme x Construction",15777
"Nombre d'équipements – Médecin généraliste",15753
"Nombre de nouvelles unités légales enregistrées – Information et communication x Entrepreneur individuel",15666
"Nombre de nouvelles unités légales enregistrées – Activités spécialisées, scientifiques et techniques et activités de services administratifs et de soutien x Société par actions simplifiée",15624
"Nombre d'équipements – Pharmacie",15084
"Nombre de nouvelles unités légales enregistrées – Commerce de gros et de détail, transports, hébergement et restauration x Société par actions simplifiée",14918
"Nombre d’emplois – Salariés x Femme x Construction",14805
"Nombre d'équipements – École élémentaire",14443
"Nombre d’emplois – Salariés x Femme x Agriculture, sylviculture et pêche",14237
"Nombre de nouveaux établissements enregistrés – Activités financières et d'assurance",14232
"Nombre d'équipements – Épicerie",14111
"Nombre de nouvelles unités légales enregistrées – Activités financières et d'assurance",13944
"Nombre de nouvelles unités légales enregistrées – Activités immobilières x Entrepreneur individuel",13699
"Nombre d'équipements – Station de recharge de véhicules électriques",13598
"Population – 15 ans ou plus x Homme x Aides familiaux",13402
"Nombre de nouvelles unités légales enregistrées – Commerce de gros et de détail, transports, hébergement et restauration x Société à responsabilité limitée (SARL)",12622
"Nombre d’emplois – Non Salariés x Femme x Industrie manufacturière, industries extractives et autres",12445
"Nombre d'équipements – Chirurgien dentiste",12316
"Nombre d'équipements – Psychologue",12257
"Nombre d'équipements – Station-service",12056
"Nombre d'équipements – École maternelle",11745
"Nombre de nouvelles unités légales enregistrées – Activités spécialisées, scientifiques et techniques et activités de services administratifs et de soutien x Société à responsabilité limitée (SARL)",11623
"Nombre d'équipements – Supermarché et magasin multi-commerce",11278
"Population – De 15 à 24 ans  x Cadres et professions intellectuelles supérieures",11239
"Nombre de nouvelles unités légales enregistrées – Activités financières et d'assurance x Société par actions simplifiée",10362
"Nombre de nouvelles unités légales enregistrées – Construction x Société à responsabilité limitée (SARL)",10227
"Nombre de nouvelles unités légales enregistrées – Construction x Société par actions simplifiée",10169
"Nombre d'équipements – Collège",10059
"Population – De 15 à 24 ans  x Artisans, commerçants et chefs d’entreprise",9831
"Nombre de nouvelles unités légales enregistrées – Activités immobilières x Société par actions simplifiée",9757
"Population – De 25 à 54 ans x Retraités",9686
"Nombre de nouvelles unités légales enregistrées – Industrie manufacturière, industries extractives et autres x Société par actions simplifiée",9011
"Nombre de nouvelles unités légales enregistrées – Autres activités de services x Société par actions simplifiée",7753
"Nombre d’emplois – Non Salariés x Femme x Construction",7128
"Nombre d'équipements – Supérette",6902
"Nombre de nouvelles unités légales enregistrées – Information et communication x Société par actions simplifiée",6849
"Nombre de nouvelles unités légales enregistrées – Activités immobilières x Société à responsabilité limitée (SARL)",6459
"Nombre de nouvelles unités légales enregistrées – Activités financières et d'assurance x Entrepreneur individuel",6424
"Nombre de nouvelles unités légales enregistrées – Autres activités de services x Société à responsabilité limitée (SARL)",5995
"Nombre de nouvelles unités légales enregistrées – Activités financières et d'assurance x Société à responsabilité limitée (SARL)",5918
"Nombre de nouvelles unités légales enregistrées – Industrie manufacturière, industries extractives et autres x Société à responsabilité limitée (SARL)",5734
"Nombre de nouvelles unités légales enregistrées – Activités financières et d'assurance x Autres sociétés",5485
"Nombre de nouvelles unités légales enregistrées – Administration publique, enseignement, santé humaine et action sociale x Société par actions simplifiée",5214
"Nombre d'équipements – Hypermarché et grand magasin",5148
"Nombre de nouvelles unités légales enregistrées – Administration publique, enseignement, santé humaine et action sociale x Société à responsabilité limitée (SARL)",4927
"Population – De 15 à 24 ans  x Agriculteurs",4804
"Nombre d'équipements – Lycée d’enseignement général et/ou technologique",4627
"Nombre de nouvelles unités légales enregistrées – Activités spécialisées, scientifiques et techniques et activités de services administratifs et de soutien x Autres sociétés",4267
"Nombre de nouvelles unités légales enregistrées – Information et communication x Société à responsabilité limitée (SARL)",3455
"Nombre d'équipements – Lycée d’enseignement technique et/ou professionnel agricole",3292
"Nombre d'équipements – Lycée d’enseignement professionnel",3273
"Nombre de nouvelles unités légales enregistrées – Construction x Autres sociétés",3155
"Logements – Non",3020
"Logements – Oui",3005
"Nombre de nouvelles unités légales enregistrées – Commerce de gros et de détail, transports, hébergement et restauration x Autres sociétés",2959
"Nombre d'équipements – Sep section d’enseignement professionnel",2552
"Nombre de nouvelles unités légales enregistrées – Activités immobilières x Autres sociétés",2238
"Nombre de nouvelles unités légales enregistrées – Administration publique, enseignement, santé humaine et action sociale x Autres sociétés",2154
"Nombre de nouvelles unités légales enregistrées – Autres activités de services x Autres sociétés",1310
"Nombre de nouvelles unités légales enregistrées – Industrie manufacturière, industries extractives et autres x Autres sociétés",856
"Logements – Résidences principales x Hors logement ordinaire ou hors métropole",759
"Logements – Evacuation des eaux usées à même le sol",756
"Logements – Aucun point d'eau ou eau froide seulement",756
"Logements – Maisons ou immeubles en bois",755
"Logements – Raccordement à une fosse septique",755
"Logements – Maisons ou immeubles en dur",752
"Logements – Eau froide et chaude",751
"Logements – Habitation de fortune",749
"Logements – Cases traditionnelles",747
"Logements – Raccordement au réseau d'égouts",747
"Logements – Raccordement à un puisard",747
"Nombre d'équipements – Sgt section d’enseignement général et technologique",560
"Nombre de nouvelles unités légales enregistrées – Information et communication x Autres sociétés",428
